open source	mint function	ownership renounce	guardian
0xPlasma	0	?	?	1
Ampleforth	0	0	1	0
Aave	1	1	1	1
ArbitrumCore	1	0	0	1
ArbitrumTreasury	1	0	0	1
dYdX	1	1	1	0
Lido	1	0	0	0
Maker	1	1	0	0
Optimism	1	1	1	0
Babylon	0	1	1	0
Braintrust	0	0	1	1
Compound	0	0	1	0
Cryptex	0	0	1	1
ENS	0	1	1	0
Euler	0	0	0	1
Gas	0	0	1	0
Gitcoin	0	0	1	0
Hifi	0	0	1	0
Hop	0	1	1	0
Idle	0	0	1	0
Indexed	0	0	1	0
Instadapp	0	0	1	0
Inverse	0	0	1	1
Pooh	0	?	?	1
Pooltogether	0	0	1	0
Radicle	0	0	1	0
Silo	0	1	1	1
Strike	0	0	1	1
Sudoswap	0	1	1	0
Uniswap	0	0	1	0
Unslashed	0	0	1	1